# Wavelength(um),Tapvolt(V),Power(W)
1.500000000000000038e-06,2.146339283278181909e-01,1.418630360000000014e-03
1.501000000000000113e-06,2.155226533001118605e-01,1.424501529999999943e-03
1.502000000000000188e-06,2.164991237635372212e-01,1.436064140000000008e-03
1.503000000000000263e-06,2.208796362795655277e-01,1.462143609999999897e-03
1.504000000000000339e-06,2.163762800761729332e-01,1.431471439999999892e-03
1.505000000000000414e-06,2.130689995734717235e-01,1.409578369999999912e-03
1.506000000000000489e-06,2.162133471645055760e-01,1.425900259999999956e-03
1.507000000000000564e-06,2.251158919980028317e-01,1.486085820000000030e-03
1.508000000000000639e-06,2.257512015558890972e-01,1.490073389999999921e-03
1.509000000000000714e-06,2.225780347875883913e-01,1.470634599999999948e-03
1.510000000000000789e-06,2.193327396210262847e-01,1.448628609999999929e-03
1.511000000000000864e-06,2.203130741081643362e-01,1.454380340000000068e-03
1.512000000000000940e-06,2.261322906901854224e-01,1.491301459999999895e-03
1.513000000000001015e-06,2.262435423132660162e-01,1.490636729999999946e-03
1.514000000000001090e-06,2.281654100780709238e-01,1.506414960000000041e-03
1.515000000000001165e-06,2.222066057081114598e-01,1.463961319999999974e-03
1.516000000000001240e-06,2.272200127824363924e-01,1.501025399999999935e-03
1.517000000000001315e-06,2.250331375345748508e-01,1.487499800000000039e-03
1.518000000000001390e-06,2.290061567879175808e-01,1.507685400000000064e-03
1.519000000000001465e-06,2.302270266279198840e-01,1.516488959999999931e-03
1.520000000000001541e-06,2.328896595484028498e-01,1.529286379999999926e-03
1.521000000000001616e-06,2.338877041421390524e-01,1.533178260000000103e-03
1.522000000000001691e-06,2.237916595826873745e-01,1.463716149999999940e-03
1.523000000000001766e-06,2.313036396604045697e-01,1.515238080000000029e-03
1.524000000000001841e-06,2.322987862370022860e-01,1.517791299999999991e-03
1.525000000000001916e-06,2.378790775183275419e-01,1.546362300000000013e-03
1.526000000000001991e-06,2.298478695035783836e-01,1.495358650000000022e-03
1.527000000000002066e-06,2.335328581532693515e-01,1.510889739999999931e-03
1.528000000000002142e-06,2.366118394130105607e-01,1.527383920000000006e-03
1.529000000000002217e-06,2.348570905758048943e-01,1.517942179999999920e-03
1.530000000000002292e-06,2.400120174796962214e-01,1.549002019999999981e-03
1.531000000000002367e-06,2.379909731457621191e-01,1.537041270000000064e-03
1.532000000000002442e-06,2.378463943350643817e-01,1.535263150000000087e-03
1.533000000000002517e-06,2.323989287982123619e-01,1.499085569999999935e-03
1.534000000000002592e-06,2.364415004580069923e-01,1.522558509999999941e-03
1.535000000000002668e-06,2.438700821222923587e-01,1.570963070000000027e-03
1.536000000000002743e-06,2.421594475250436751e-01,1.562593390000000101e-03
1.537000000000002818e-06,2.410488632952196286e-01,1.554922079999999929e-03
1.538000000000002893e-06,2.380337993859058532e-01,1.539491930000000007e-03
1.539000000000002968e-06,2.473871468598019263e-01,1.598590640000000038e-03
1.540000000000003043e-06,2.492260991828832706e-01,1.608822960000000054e-03
1.541000000000003118e-06,2.471153773343787441e-01,1.594857309999999934e-03
1.542000000000003193e-06,2.493217337197893291e-01,1.610475240000000009e-03
1.543000000000003269e-06,2.469286162861314970e-01,1.593456719999999981e-03
1.544000000000003344e-06,2.481250140016185990e-01,1.604340159999999901e-03
1.545000000000003419e-06,2.447699161713804417e-01,1.584977380000000000e-03
1.546000000000003494e-06,2.524092480566588748e-01,1.629754090000000042e-03
1.547000000000003569e-06,2.543731370873147934e-01,1.644639409999999920e-03
1.548000000000003644e-06,2.555774238526904441e-01,1.647883090000000017e-03
1.549000000000003719e-06,2.523672268206657021e-01,1.625065460000000087e-03
1.550000000000003794e-06,2.497575631666795748e-01,1.609884900000000101e-03
1.551000000000003870e-06,2.523490337184936538e-01,1.628785860000000031e-03
1.552000000000003945e-06,2.530192804827967601e-01,1.634201849999999913e-03
1.553000000000004020e-06,2.560185663311438931e-01,1.653465329999999995e-03
1.554000000000004095e-06,2.527146667719619710e-01,1.634728860000000039e-03
1.555000000000004170e-06,2.489356535523144787e-01,1.607457870000000063e-03
1.556000000000004245e-06,2.485236522394050906e-01,1.609581869999999896e-03
1.557000000000004320e-06,2.489969948966769819e-01,1.616265860000000009e-03
1.558000000000004395e-06,2.533425702985905859e-01,1.648748179999999942e-03
1.559000000000004471e-06,2.550313087846391435e-01,1.662254329999999928e-03
1.560000000000004546e-06,2.565133221109675565e-01,1.673391549999999955e-03
1.561000000000004621e-06,2.497028228593411447e-01,1.633417089999999929e-03
1.562000000000004696e-06,2.497062038783266769e-01,1.630843029999999973e-03
1.563000000000004771e-06,2.530788508173743012e-01,1.654237509999999939e-03
1.564000000000004846e-06,2.565550213452651440e-01,1.679659700000000035e-03
1.565000000000004921e-06,2.605356077163056283e-01,1.705781319999999986e-03
1.566000000000004997e-06,2.537062713414316439e-01,1.662098799999999930e-03
1.567000000000005072e-06,2.556751514017380766e-01,1.676923600000000073e-03
1.568000000000005147e-06,2.562782607902391874e-01,1.678272850000000040e-03
1.569000000000005222e-06,2.607859641236608406e-01,1.701076400000000070e-03
1.570000000000005297e-06,2.670564663862144972e-01,1.740658539999999973e-03
1.571000000000005372e-06,2.677307381795786534e-01,1.743652860000000082e-03
1.572000000000005447e-06,2.675087179304866947e-01,1.740160400000000064e-03
1.573000000000005522e-06,2.600371489143868953e-01,1.692813590000000071e-03
1.574000000000005598e-06,2.557532368404383805e-01,1.665208139999999927e-03
1.575000000000005673e-06,2.666979173691857441e-01,1.728039349999999910e-03
1.576000000000005748e-06,2.686368512777488338e-01,1.740728499999999934e-03
1.577000000000005823e-06,2.679724005392200570e-01,1.740621049999999939e-03
1.578000000000005898e-06,2.620036139691551136e-01,1.695459590000000100e-03
1.579000000000005973e-06,2.627643432463855899e-01,1.701602250000000061e-03
1.580000000000006048e-06,2.661376342174690546e-01,1.728665199999999957e-03
1.581000000000006123e-06,2.653287656677774664e-01,1.722745359999999998e-03
1.582000000000006199e-06,2.695400663601607016e-01,1.746748110000000001e-03
1.583000000000006274e-06,2.686685684562106213e-01,1.746319930000000053e-03
1.584000000000006349e-06,2.655976371800697899e-01,1.721678300000000026e-03
1.585000000000006424e-06,2.613216141349063992e-01,1.688185260000000078e-03
1.586000000000006499e-06,2.564690468621967923e-01,1.662442110000000080e-03
1.587000000000006574e-06,2.655549719400876474e-01,1.722424989999999908e-03
1.588000000000006649e-06,2.698947513561311129e-01,1.745938440000000024e-03
1.589000000000006724e-06,2.704741936170930727e-01,1.748846610000000029e-03
1.590000000000006800e-06,2.684455822015455739e-01,1.735543480000000015e-03
1.591000000000006875e-06,2.700816734080581094e-01,1.735761989999999892e-03
1.592000000000006950e-06,2.703238187708013607e-01,1.733501439999999899e-03
1.593000000000007025e-06,2.704600255373601492e-01,1.733751499999999909e-03
1.594000000000007100e-06,2.735613859949751481e-01,1.751239880000000091e-03
1.595000000000007175e-06,2.754811608047477156e-01,1.758448550000000100e-03
1.596000000000007250e-06,2.742768740234148295e-01,1.749882240000000038e-03
1.597000000000007326e-06,2.669041595293970004e-01,1.704422059999999902e-03
1.598000000000007401e-06,2.711425083785028445e-01,1.723744090000000001e-03
1.599000000000007476e-06,2.769860362801273013e-01,1.757555760000000054e-03
1.600000000000007551e-06,2.788612138432494114e-01,1.775156240000000081e-03
1.601000000000007626e-06,2.802567697062147700e-01,1.785040369999999930e-03
1.602000000000007701e-06,2.764928905025821337e-01,1.758998730000000017e-03
1.603000000000007776e-06,2.751535239597279192e-01,1.760039940000000065e-03
1.604000000000007851e-06,2.729748596928961990e-01,1.746705029999999969e-03
1.605000000000007927e-06,2.704733886125684772e-01,1.728310719999999988e-03
1.606000000000008002e-06,2.768334074204582551e-01,1.769744670000000103e-03
1.607000000000008077e-06,2.792340919440166047e-01,1.788006159999999982e-03
1.608000000000008152e-06,2.775947807089912400e-01,1.778989799999999974e-03
1.609000000000008227e-06,2.742528848883409864e-01,1.761851949999999932e-03
1.610000000000008302e-06,2.669748389270085731e-01,1.721253619999999970e-03
1.611000000000008377e-06,2.757043080614039465e-01,1.780772230000000076e-03
1.612000000000008452e-06,2.779845639046507610e-01,1.794431939999999908e-03
1.613000000000008528e-06,2.801102588806635429e-01,1.807741700000000101e-03
1.614000000000008603e-06,2.795089204924463000e-01,1.806101650000000065e-03
1.615000000000008678e-06,2.706427615658020813e-01,1.742843769999999955e-03
1.616000000000008753e-06,2.634350730179104150e-01,1.699096640000000028e-03
1.617000000000008828e-06,2.665589735875781852e-01,1.720924509999999892e-03
1.618000000000008903e-06,2.625040047825779044e-01,1.694154110000000010e-03
1.619000000000008978e-06,2.666558961327981092e-01,1.720410070000000062e-03
1.620000000000009053e-06,2.535890626830831773e-01,1.643888069999999970e-03
